player_name,matches_bat,innings,not_outs,runs,balls_faced,bat_avg,bat_sr,hundreds,fifties,fours,sixes,matches_bowl,overs,balls_bowled,runs_conceded,wickets,bowl_avg,economy,bowl_sr,four_wickets,five_wickets
A Balbirnie,13.0,13.0,0.0,245.0,228.0,18.85,107.46,0.0,1.0,18.0,11.0,,,,,,,,,,
A Bohara,2.0,2.0,0.0,0.0,2.0,0.0,0.0,0.0,0.0,0.0,0.0,3.0,8.0,48.0,61.0,1.0,61.0,7.62,48.0,0.0,0.0
A Dutt,2.0,2.0,1.0,25.0,20.0,25.0,125.0,0.0,0.0,2.0,1.0,2.0,7.33,44.0,41.0,3.0,13.67,5.59,14.67,0.0,0.0
A Johnson,3.0,3.0,0.0,89.0,73.0,29.67,121.92,0.0,1.0,12.0,4.0,,,,,,,,,,
A Nao,2.0,2.0,-1.0,8.0,13.0,2.67,61.54,0.0,0.0,0.0,0.0,3.0,9.5,57.0,47.0,3.0,15.67,4.95,19.0,0.0,0.0
A Nehra,1.0,1.0,0.0,0.0,4.0,0.0,0.0,0.0,0.0,0.0,0.0,5.0,19.0,114.0,117.0,5.0,23.4,6.16,22.8,0.0,0.0
A Nortje,4.0,4.0,2.0,8.0,10.0,4.0,80.0,0.0,0.0,1.0,0.0,18.0,71.83,431.0,423.0,33.0,12.82,5.89,13.06,3.0,0.0
A Sharafu,1.0,1.0,0.0,4.0,4.0,4.0,100.0,0.0,0.0,0.0,0.0,,,,,,,,,,
A Vala,6.0,6.0,0.0,107.0,103.0,17.83,103.88,0.0,1.0,11.0,4.0,5.0,11.0,66.0,81.0,5.0,16.2,7.36,13.2,0.0,0.0
A Zampa,3.0,3.0,1.0,3.0,7.0,1.5,42.86,0.0,0.0,0.0,0.0,19.0,70.67,424.0,456.0,32.0,14.25,6.45,13.25,2.0,1.0
AB de Villiers,3.0,3.0,1.0,46.0,32.0,23.0,143.75,0.0,0.0,1.0,4.0,,,,,,,,,,
AC Agar,2.0,2.0,0.0,29.0,28.0,14.5,103.57,0.0,0.0,0.0,3.0,4.0,12.17,73.0,103.0,3.0,34.33,8.47,24.33,0.0,0.0
AC Evans,2.0,2.0,0.0,0.0,2.0,0.0,0.0,0.0,0.0,0.0,0.0,4.0,13.17,79.0,121.0,3.0,40.33,9.19,26.33,0.0,0.0
AD Hales,10.0,10.0,1.0,259.0,183.0,28.78,141.53,0.0,2.0,28.0,10.0,,,,,,,,,,
AD Mathews,5.0,5.0,2.0,155.0,136.0,51.67,113.97,0.0,1.0,5.0,9.0,4.0,10.5,63.0,75.0,0.0,,7.14,,0.0,0.0
AD Poynter,2.0,2.0,1.0,11.0,11.0,11.0,100.0,0.0,0.0,0.0,1.0,,,,,,,,,,
AD Russell,14.0,14.0,5.0,184.0,116.0,20.44,158.62,0.0,0.0,18.0,11.0,15.0,53.33,320.0,419.0,20.0,20.95,7.86,16.0,0.0,0.0
ADS Fletcher,2.0,2.0,1.0,95.0,75.0,95.0,126.67,0.0,1.0,6.0,6.0,,,,,,,,,,
AF Milne,1.0,1.0,1.0,2.0,2.0,,100.0,0.0,0.0,0.0,0.0,9.0,32.17,193.0,242.0,5.0,48.4,7.52,38.6,0.0,0.0
AGS Gous,6.0,6.0,1.0,219.0,145.0,43.8,151.03,0.0,2.0,20.0,11.0,,,,,,,,,,
AJ Finch,12.0,12.0,1.0,300.0,263.0,27.27,114.07,0.0,1.0,23.0,13.0,,,,,,,,,,
AJ Hosein,6.0,6.0,3.0,52.0,61.0,17.33,85.25,0.0,0.0,3.0,1.0,14.0,51.67,310.0,341.0,14.0,24.36,6.6,22.14,1.0,1.0
AK Markram,17.0,17.0,2.0,361.0,291.0,24.07,124.05,0.0,3.0,32.0,12.0,10.0,21.0,126.0,138.0,3.0,46.0,6.57,42.0,0.0,0.0
AK Sah,3.0,3.0,0.0,38.0,38.0,12.67,100.0,0.0,0.0,5.0,1.0,,,,,,,,,,
AM Phangiso,1.0,1.0,0.0,4.0,5.0,4.0,80.0,0.0,0.0,0.0,0.0,2.0,8.17,49.0,45.0,3.0,15.0,5.51,16.33,0.0,0.0
AM Rahane,1.0,1.0,0.0,40.0,35.0,40.0,114.29,0.0,0.0,2.0,0.0,,,,,,,,,,
AR McBrine,2.0,2.0,2.0,11.0,4.0,,275.0,0.0,0.0,2.0,0.0,3.0,6.17,37.0,59.0,3.0,19.67,9.57,12.33,0.0,0.0
AR Patel,7.0,7.0,2.0,89.0,69.0,17.8,128.99,0.0,0.0,4.0,6.0,12.0,32.83,197.0,275.0,11.0,25.0,8.38,17.91,0.0,0.0
AR Ramjani,3.0,3.0,0.0,13.0,22.0,4.33,59.09,0.0,0.0,2.0,0.0,2.0,7.0,42.0,37.0,3.0,12.33,5.29,14.0,0.0,0.0
AS Joseph,3.0,3.0,1.0,17.0,14.0,8.5,121.43,0.0,0.0,1.0,1.0,9.0,35.0,210.0,234.0,18.0,13.0,6.69,11.67,2.0,0.0
AT Nidamanuru,1.0,1.0,0.0,0.0,1.0,0.0,0.0,0.0,0.0,0.0,0.0,,,,,,,,,,
AU Rashid,3.0,3.0,2.0,8.0,8.0,8.0,100.0,0.0,0.0,0.0,0.0,24.0,88.0,528.0,592.0,27.0,21.93,6.73,19.56,2.0,0.0
AV Lalcheta,2.0,2.0,1.0,7.0,8.0,7.0,87.5,0.0,0.0,1.0,0.0,2.0,7.0,42.0,59.0,1.0,59.0,8.43,42.0,0.0,0.0
Aamir Kaleem,2.0,2.0,0.0,0.0,5.0,0.0,0.0,0.0,0.0,0.0,0.0,2.0,5.0,30.0,42.0,1.0,42.0,8.4,30.0,0.0,0.0
Aaron Jones,6.0,7.0,2.0,173.0,126.0,34.6,137.3,0.0,1.0,9.0,14.0,,,,,,,,,,
Aasif Sheikh,3.0,3.0,0.0,63.0,71.0,21.0,88.73,0.0,0.0,9.0,1.0,,,,,,,,,,
Aayan Afzal Khan,2.0,2.0,0.0,24.0,28.0,12.0,85.71,0.0,0.0,1.0,0.0,3.0,8.0,48.0,38.0,2.0,19.0,4.75,24.0,0.0,0.0
Abbas Afridi,1.0,1.0,0.0,17.0,21.0,17.0,80.95,0.0,0.0,1.0,1.0,1.0,3.33,20.0,32.0,0.0,,9.6,,0.0,0.0
Abu Hider,,,,,,,,,,,,1.0,2.17,13.0,15.0,0.0,,6.92,,0.0,0.0
Adnan Ilyas,2.0,2.0,0.0,17.0,20.0,8.5,85.0,0.0,0.0,2.0,0.0,,,,,,,,,,
Afif Hossain,13.0,13.0,2.0,149.0,126.0,13.55,118.25,0.0,0.0,13.0,3.0,3.0,3.0,18.0,36.0,1.0,36.0,12.0,18.0,0.0,0.0
Ahmed Raza,,,,,,,,,,,,1.0,1.0,6.0,9.0,0.0,,9.0,,0.0,0.0
Ahmed Shehzad,4.0,4.0,0.0,108.0,105.0,27.0,102.86,0.0,1.0,14.0,0.0,,,,,,,,,,
Ahsan Malik,,,,,,,,,,,,1.0,1.0,6.0,10.0,0.0,,10.0,,0.0,0.0
Aizaz Khan,1.0,1.0,1.0,7.0,4.0,,175.0,0.0,0.0,1.0,0.0,1.0,1.0,6.0,11.0,1.0,11.0,11.0,6.0,0.0,0.0
Al-Amin Hossain,1.0,1.0,0.0,0.0,2.0,0.0,0.0,0.0,0.0,0.0,0.0,6.0,18.33,110.0,161.0,8.0,20.12,8.78,13.75,0.0,0.0
Ali Khan,2.0,2.0,1.0,14.0,8.0,14.0,175.0,0.0,0.0,1.0,1.0,6.0,21.17,127.0,190.0,3.0,63.33,8.98,42.33,0.0,0.0
Amir Ali,2.0,2.0,0.0,36.0,20.0,18.0,180.0,0.0,0.0,6.0,1.0,2.0,5.17,31.0,37.0,0.0,,7.16,,0.0,0.0
Anshuman Rath,1.0,1.0,0.0,21.0,23.0,21.0,91.3,0.0,0.0,0.0,0.0,,,,,,,,,,
Aqib Ilyas,7.0,8.0,2.0,142.0,121.0,23.67,117.36,0.0,1.0,14.0,6.0,6.0,19.0,114.0,136.0,2.0,68.0,7.16,57.0,0.0,0.0
Arafat Sunny,1.0,1.0,1.0,8.0,4.0,,200.0,0.0,0.0,0.0,1.0,2.0,6.0,36.0,45.0,2.0,22.5,7.5,18.0,0.0,0.0
Arshdeep Singh,3.0,3.0,2.0,12.0,15.0,12.0,80.0,0.0,0.0,1.0,0.0,13.0,49.0,294.0,348.0,24.0,14.5,7.1,12.25,1.0,0.0
Aryan Lakra,1.0,1.0,0.0,1.0,3.0,1.0,33.33,0.0,0.0,0.0,0.0,1.0,3.0,18.0,24.0,1.0,24.0,8.0,18.0,0.0,0.0
Asif Ali,4.0,4.0,2.0,34.0,20.0,17.0,170.0,0.0,0.0,1.0,3.0,,,,,,,,,,
Ayan Khan,5.0,5.0,1.0,102.0,108.0,25.5,94.44,0.0,0.0,6.0,3.0,2.0,3.17,19.0,33.0,1.0,33.0,10.42,19.0,0.0,0.0
Azam Khan,1.0,1.0,0.0,0.0,1.0,0.0,0.0,0.0,0.0,0.0,0.0,,,,,,,,,,
B Evans,2.0,2.0,0.0,21.0,17.0,10.5,123.53,0.0,0.0,0.0,1.0,2.0,7.17,43.0,59.0,2.0,29.5,8.23,21.5,0.0,0.0
B Fernando,,,,,,,,,,,,5.0,14.33,86.0,119.0,5.0,23.8,8.3,17.2,0.0,0.0
B Kumar,2.0,2.0,2.0,9.0,10.0,,90.0,0.0,0.0,0.0,0.0,7.0,23.0,138.0,144.0,4.0,36.0,6.26,34.5,0.0,0.0
B Masaba,3.0,3.0,2.0,4.0,25.0,4.0,16.0,0.0,0.0,0.0,0.0,2.0,8.33,50.0,48.0,3.0,16.0,5.76,16.67,0.0,0.0
B Muzarabani,4.0,4.0,3.0,2.0,12.0,2.0,16.67,0.0,0.0,0.0,0.0,7.0,27.33,164.0,220.0,12.0,18.33,8.05,13.67,0.0,0.0
B Shikongo,1.0,1.0,0.0,0.0,4.0,0.0,0.0,0.0,0.0,0.0,0.0,5.0,8.17,49.0,87.0,3.0,29.0,10.65,16.33,0.0,0.0
B White,2.0,2.0,2.0,7.0,24.0,,29.17,0.0,0.0,0.0,0.0,3.0,6.17,37.0,44.0,2.0,22.0,7.14,18.5,0.0,0.0
BA King,6.0,6.0,1.0,158.0,125.0,31.6,126.4,0.0,1.0,21.0,3.0,,,,,,,,,,
BA Stokes,8.0,8.0,3.0,157.0,125.0,31.4,125.6,0.0,1.0,11.0,4.0,10.0,30.17,181.0,250.0,7.0,35.71,8.29,25.86,0.0,0.0
BD Glover,2.0,2.0,0.0,0.0,3.0,0.0,0.0,0.0,0.0,0.0,0.0,5.0,15.67,94.0,94.0,9.0,10.44,6.0,10.44,0.0,0.0
BFW de Leede,14.0,14.0,3.0,120.0,164.0,10.91,73.17,0.0,0.0,9.0,1.0,12.0,38.67,232.0,308.0,16.0,19.25,7.97,14.5,0.0,0.0
BJ Currie,,,,,,,,,,,,1.0,4.0,24.0,16.0,2.0,8.0,4.0,12.0,0.0,0.0
BJ McCarthy,8.0,8.0,4.0,40.0,49.0,10.0,81.63,0.0,0.0,1.0,2.0,10.0,37.0,222.0,287.0,10.0,28.7,7.76,22.2,0.0,0.0
BJ McMullen,3.0,3.0,1.0,140.0,82.0,70.0,170.73,0.0,2.0,13.0,8.0,,,,,,,,,,
BKG Mendis,10.0,10.0,1.0,273.0,196.0,30.33,139.29,0.0,2.0,23.0,9.0,,,,,,,,,,
BM Scholtz,4.0,4.0,2.0,7.0,9.0,3.5,77.78,0.0,0.0,0.0,0.0,12.0,38.5,231.0,241.0,10.0,24.1,6.26,23.1,0.0,0.0
BN Cooper,3.0,3.0,0.0,29.0,24.0,9.67,120.83,0.0,0.0,5.0,0.0,,,,,,,,,,
BTJ Wheal,2.0,2.0,2.0,3.0,5.0,,60.0,0.0,0.0,0.0,0.0,13.0,47.5,285.0,375.0,17.0,22.06,7.89,16.76,0.0,0.0
Babar Azam,16.0,16.0,2.0,498.0,446.0,35.57,111.66,0.0,4.0,45.0,8.0,,,,,,,,,,
Babar Hayat,1.0,1.0,0.0,15.0,10.0,15.0,150.0,0.0,0.0,3.0,0.0,,,,,,,,,,
Basil Hameed,3.0,3.0,1.0,31.0,24.0,15.5,129.17,0.0,0.0,3.0,2.0,3.0,5.0,30.0,40.0,3.0,13.33,8.0,10.0,0.0,0.0
Bilal Khan,6.0,6.0,5.0,4.0,7.0,4.0,57.14,0.0,0.0,0.0,0.0,9.0,33.33,200.0,233.0,9.0,25.89,6.99,22.22,0.0,0.0
C Campher,12.0,12.0,2.0,184.0,146.0,18.4,126.03,0.0,1.0,17.0,3.0,10.0,26.5,159.0,194.0,10.0,19.4,7.32,15.9,1.0,0.0
C Karunaratne,11.0,11.0,4.0,51.0,57.0,7.29,89.47,0.0,0.0,4.0,0.0,14.0,42.5,255.0,313.0,9.0,34.78,7.36,28.33,0.0,0.0
C Kyewuta,2.0,2.0,0.0,2.0,12.0,1.0,16.67,0.0,0.0,0.0,0.0,3.0,10.17,61.0,82.0,3.0,27.33,8.07,20.33,0.0,0.0
C Munro,5.0,5.0,0.0,118.0,103.0,23.6,114.56,0.0,0.0,11.0,4.0,,,,,,,,,,
CA Soper,5.0,5.0,0.0,42.0,49.0,8.4,85.71,0.0,0.0,2.0,2.0,5.0,16.5,99.0,124.0,5.0,24.8,7.52,19.8,0.0,0.0
CA Young,2.0,2.0,1.0,2.0,7.0,2.0,28.57,0.0,0.0,0.0,0.0,4.0,14.0,84.0,101.0,2.0,50.5,7.21,42.0,0.0,0.0
CAK Rajitha,1.0,1.0,1.0,8.0,21.0,,38.1,0.0,0.0,0.0,0.0,2.0,7.83,47.0,64.0,2.0,32.0,8.17,23.5,0.0,0.0
CB Sole,,,,,,,,,,,,3.0,10.5,63.0,98.0,2.0,49.0,9.33,31.5,0.0,0.0
CBRLS Kumara,3.0,3.0,1.0,5.0,8.0,2.5,62.5,0.0,0.0,1.0,0.0,12.0,43.33,260.0,337.0,13.0,25.92,7.78,20.0,0.0,0.0
CD Wallace,1.0,1.0,0.0,4.0,13.0,4.0,30.77,0.0,0.0,0.0,0.0,,,,,,,,,,
CD de Lange,,,,,,,,,,,,1.0,4.0,24.0,19.0,1.0,19.0,4.75,24.0,0.0,0.0
CG Williams,7.0,7.0,0.0,118.0,137.0,16.86,86.13,0.0,0.0,9.0,4.0,,,,,,,,,,
CH Gayle,9.0,9.0,1.0,158.0,107.0,19.75,147.66,1.0,1.0,11.0,14.0,2.0,4.33,26.0,24.0,3.0,8.0,5.54,8.67,0.0,0.0
CH Morris,1.0,1.0,1.0,16.0,17.0,,94.12,0.0,0.0,2.0,0.0,2.0,7.83,47.0,78.0,1.0,78.0,9.96,47.0,0.0,0.0
CJ Anderson,10.0,10.0,1.0,152.0,160.0,16.89,95.0,0.0,0.0,9.0,4.0,9.0,20.33,122.0,164.0,3.0,54.67,8.07,40.67,0.0,0.0
CJ Jordan,5.0,5.0,2.0,19.0,25.0,6.33,76.0,0.0,0.0,2.0,0.0,18.0,63.33,380.0,505.0,26.0,19.42,7.97,14.62,2.0,0.0
CJA Amini,6.0,6.0,0.0,73.0,84.0,12.17,86.9,0.0,0.0,6.0,1.0,6.0,12.17,73.0,102.0,0.0,,8.38,,0.0,0.0
CK Kapugedera,3.0,3.0,0.0,40.0,44.0,13.33,90.91,0.0,0.0,3.0,1.0,,,,,,,,,,
CN Ackermann,11.0,11.0,1.0,222.0,206.0,22.2,107.77,0.0,1.0,16.0,6.0,4.0,10.17,61.0,71.0,2.0,35.5,6.98,30.5,0.0,0.0
CN Greaves,10.0,10.0,5.0,117.0,123.0,23.4,95.12,0.0,0.0,8.0,2.0,11.0,27.33,164.0,209.0,8.0,26.12,7.65,20.5,0.0,0.0
CP Rizwan,3.0,3.0,1.0,45.0,34.0,22.5,132.35,0.0,0.0,3.0,1.0,,,,,,,,,,
CR Brathwaite,2.0,2.0,2.0,44.0,20.0,,220.0,0.0,0.0,1.0,5.0,5.0,16.67,100.0,128.0,4.0,32.0,7.68,25.0,0.0,0.0
CR Ervine,7.0,7.0,0.0,112.0,125.0,16.0,89.6,0.0,1.0,13.0,0.0,,,,,,,,,,
CR Woakes,2.0,2.0,1.0,12.0,6.0,12.0,200.0,0.0,0.0,1.0,1.0,11.0,38.17,229.0,307.0,11.0,27.91,8.04,20.82,0.0,0.0
CS MacLeod,8.0,8.0,0.0,91.0,113.0,11.38,80.53,0.0,0.0,6.0,0.0,1.0,1.0,6.0,11.0,0.0,,11.0,,0.0,0.0
CV Varun,,,,,,,,,,,,3.0,11.17,67.0,72.0,0.0,,6.45,,0.0,0.0
Chirag Suri,2.0,2.0,0.0,26.0,39.0,13.0,66.67,0.0,0.0,4.0,0.0,,,,,,,,,,
D Heyliger,3.0,3.0,2.0,10.0,14.0,10.0,71.43,0.0,0.0,1.0,0.0,3.0,11.67,70.0,58.0,5.0,11.6,4.97,14.0,0.0,0.0
D Pretorius,2.0,2.0,0.0,1.0,3.0,0.5,33.33,0.0,0.0,0.0,0.0,5.0,15.0,90.0,102.0,9.0,11.33,6.8,10.0,0.0,0.0
D Ramdin,3.0,3.0,1.0,18.0,28.0,9.0,64.29,0.0,0.0,1.0,0.0,,,,,,,,,,
D Ravu,2.0,2.0,0.0,6.0,9.0,3.0,66.67,0.0,0.0,1.0,0.0,2.0,8.17,49.0,69.0,2.0,34.5,8.45,24.5,0.0,0.0
D Wiese,15.0,16.0,6.0,359.0,260.0,35.9,138.08,0.0,2.0,20.0,19.0,16.0,51.83,311.0,360.0,16.0,22.5,6.95,19.44,0.0,0.0
D la Cock,2.0,2.0,0.0,9.0,11.0,4.5,81.82,0.0,0.0,1.0,0.0,,,,,,,,,,
DA Miller,16.0,16.0,7.0,320.0,281.0,35.56,113.88,0.0,2.0,18.0,15.0,,,,,,,,,,
DA Warner,20.0,20.0,2.0,521.0,375.0,28.94,138.93,0.0,5.0,53.0,20.0,,,,,,,,,,
DE Budge,1.0,1.0,0.0,0.0,2.0,0.0,0.0,0.0,0.0,0.0,0.0,,,,,,,,,,
DJ Bravo,8.0,8.0,1.0,61.0,65.0,8.71,93.85,0.0,0.0,4.0,2.0,9.0,38.5,231.0,305.0,11.0,27.73,7.92,21.0,0.0,0.0
DJ Hooda,1.0,1.0,0.0,0.0,3.0,0.0,0.0,0.0,0.0,0.0,0.0,,,,,,,,,,
DJ Malan,7.0,7.0,2.0,154.0,135.0,30.8,114.07,0.0,0.0,14.0,2.0,,,,,,,,,,
DJ Mitchell,12.0,12.0,4.0,331.0,246.0,41.38,134.55,0.0,2.0,21.0,11.0,1.0,1.0,6.0,19.0,0.0,,19.0,,0.0,0.0
DJ Willey,1.0,1.0,-1.0,21.0,14.0,10.5,150.0,0.0,0.0,1.0,2.0,5.0,17.83,107.0,139.0,8.0,17.38,7.79,13.38,0.0,0.0
DJG Sammy,2.0,2.0,0.0,2.0,3.0,1.0,66.67,0.0,0.0,0.0,0.0,1.0,1.0,6.0,14.0,0.0,,14.0,,0.0,0.0
DM Nakrani,3.0,3.0,0.0,4.0,18.0,1.33,22.22,0.0,0.0,0.0,0.0,1.0,3.0,18.0,20.0,1.0,20.0,6.67,18.0,0.0,0.0
DM de Silva,9.0,9.0,0.0,166.0,147.0,18.44,112.93,0.0,0.0,13.0,3.0,6.0,13.33,80.0,85.0,6.0,14.17,6.38,13.33,0.0,0.0
DP Conway,13.0,13.0,3.0,300.0,266.0,30.0,112.78,0.0,1.0,27.0,6.0,,,,,,,,,,
DS Airee,3.0,3.0,0.0,32.0,48.0,10.67,66.67,0.0,0.0,2.0,1.0,3.0,9.67,58.0,49.0,6.0,8.17,5.07,9.67,0.0,0.0
DS Bajwa,2.0,2.0,0.0,18.0,14.0,9.0,128.57,0.0,0.0,2.0,1.0,,,,,,,,,,
DT Tiripano,,,,,,,,,,,,1.0,3.83,23.0,23.0,2.0,11.5,6.0,11.5,0.0,0.0
DW Steyn,,,,,,,,,,,,2.0,6.33,38.0,69.0,1.0,69.0,10.89,38.0,0.0,0.0
E Chigumbura,1.0,1.0,0.0,20.0,17.0,20.0,117.65,0.0,0.0,1.0,1.0,,,,,,,,,,
E Lewis,8.0,8.0,0.0,147.0,130.0,18.38,113.08,0.0,1.0,13.0,8.0,,,,,,,,,,
EJG Morgan,9.0,9.0,3.0,134.0,115.0,22.33,116.52,0.0,0.0,8.0,6.0,,,,,,,,,,
Ebadat Hossain,,,,,,,,,,,,1.0,3.33,20.0,29.0,1.0,29.0,8.7,20.0,0.0,0.0
F Achelam,1.0,1.0,0.0,9.0,13.0,9.0,69.23,0.0,0.0,1.0,0.0,,,,,,,,,,
F Behardien,,,,,,,,,,,,1.0,3.0,18.0,15.0,2.0,7.5,5.0,9.0,0.0,0.0
F Hand,3.0,3.0,0.0,12.0,11.0,4.0,109.09,0.0,0.0,2.0,0.0,3.0,5.83,35.0,56.0,1.0,56.0,9.6,35.0,0.0,0.0
F Nsubuga,1.0,1.0,0.0,0.0,3.0,0.0,0.0,0.0,0.0,0.0,0.0,2.0,7.17,43.0,33.0,2.0,16.5,4.6,21.5,0.0,0.0
F du Plessis,3.0,3.0,0.0,57.0,60.0,19.0,95.0,0.0,0.0,4.0,1.0,,,,,,,,,,
FH Allen,8.0,8.0,0.0,130.0,93.0,16.25,139.78,0.0,0.0,15.0,6.0,,,,,,,,,,
FJ Klaassen,5.0,5.0,2.0,11.0,17.0,3.67,64.71,0.0,0.0,0.0,0.0,11.0,41.5,249.0,248.0,10.0,24.8,5.98,24.9,0.0,0.0
Fakhar Zaman,9.0,9.0,1.0,132.0,113.0,16.5,116.81,0.0,1.0,7.0,7.0,,,,,,,,,,
Fayyaz Butt,3.0,3.0,0.0,9.0,15.0,3.0,60.0,0.0,0.0,1.0,0.0,3.0,7.67,46.0,61.0,4.0,15.25,7.96,11.5,0.0,0.0
G Motie,2.0,2.0,2.0,4.0,8.0,,50.0,0.0,0.0,1.0,0.0,6.0,17.0,102.0,121.0,6.0,20.17,7.12,17.0,0.0,0.0
GC Wilson,2.0,2.0,0.0,42.0,38.0,21.0,110.53,0.0,0.0,6.0,0.0,,,,,,,,,,
GD Elliott,5.0,5.0,2.0,50.0,46.0,16.67,108.7,0.0,0.0,4.0,0.0,5.0,13.17,79.0,75.0,3.0,25.0,5.7,26.33,0.0,0.0
GD Phillips,11.0,11.0,1.0,346.0,254.0,34.6,136.22,1.0,2.0,25.0,15.0,2.0,2.0,12.0,22.0,0.0,,11.0,,0.0,0.0
GH Dockrell,10.0,10.0,2.0,144.0,122.0,18.0,118.03,0.0,0.0,14.0,2.0,6.0,12.5,75.0,83.0,5.0,16.6,6.64,15.0,0.0,0.0
GJ Delany,11.0,11.0,1.0,184.0,145.0,18.4,126.9,0.0,0.0,15.0,8.0,9.0,28.83,173.0,215.0,7.0,30.71,7.46,24.71,0.0,0.0
GJ Maxwell,17.0,17.0,2.0,310.0,241.0,20.67,128.63,0.0,0.0,25.0,13.0,16.0,35.83,215.0,279.0,10.0,27.9,7.79,21.5,0.0,0.0
GSNFG Jayasuriya,1.0,1.0,0.0,1.0,3.0,1.0,33.33,0.0,0.0,0.0,0.0,1.0,1.0,6.0,9.0,0.0,,9.0,,0.0,0.0
GT Main,,,,,,,,,,,,1.0,1.17,7.0,13.0,1.0,13.0,11.14,7.0,0.0,0.0
Gulsan Jha,3.0,3.0,0.0,20.0,25.0,6.67,80.0,0.0,0.0,1.0,1.0,1.0,2.17,13.0,17.0,0.0,,7.85,,0.0,0.0
H Hiri,4.0,4.0,0.0,32.0,51.0,8.0,62.75,0.0,0.0,4.0,0.0,,,,,,,,,,
H Klaasen,11.0,11.0,2.0,239.0,190.0,26.56,125.79,0.0,1.0,14.0,14.0,,,,,,,,,,
H Masakadza,1.0,1.0,0.0,12.0,10.0,12.0,120.0,0.0,0.0,3.0,0.0,,,,,,,,,,
HC Brook,8.0,8.0,2.0,194.0,144.0,32.33,134.72,0.0,1.0,18.0,3.0,,,,,,,,,,
HDRL Thirimanne,3.0,3.0,0.0,8.0,13.0,2.67,61.54,0.0,0.0,1.0,0.0,,,,,,,,,,
HE van der Dussen,5.0,5.0,2.0,177.0,152.0,59.0,116.45,0.0,1.0,10.0,6.0,,,,,,,,,,
HG Munsey,16.0,16.0,2.0,399.0,333.0,28.5,119.82,0.0,2.0,46.0,14.0,,,,,,,,,,
HH Pandya,14.0,14.0,3.0,290.0,214.0,26.36,135.51,0.0,2.0,20.0,15.0,19.0,59.33,356.0,499.0,24.0,20.79,8.41,14.83,0.0,0.0
HM Amla,3.0,3.0,1.0,115.0,84.0,57.5,136.9,0.0,2.0,12.0,4.0,,,,,,,,,,
HM Nicholls,1.0,1.0,0.0,7.0,11.0,7.0,63.64,0.0,0.0,1.0,0.0,,,,,,,,,,
HMRKB Herath,3.0,3.0,0.0,6.0,10.0,2.0,60.0,0.0,0.0,0.0,0.0,3.0,12.0,72.0,75.0,1.0,75.0,6.25,72.0,0.0,0.0
HN Ya France,2.0,2.0,1.0,1.0,4.0,1.0,25.0,0.0,0.0,0.0,0.0,3.0,4.17,25.0,26.0,0.0,,6.24,,0.0,0.0
HR Walsh,1.0,1.0,0.0,0.0,1.0,0.0,0.0,0.0,0.0,0.0,0.0,2.0,5.33,32.0,45.0,0.0,,8.44,,0.0,0.0
HT Tector,11.0,11.0,0.0,90.0,114.0,8.18,78.95,0.0,0.0,5.0,1.0,,,,,,,,,,
Haider Ali,2.0,2.0,0.0,2.0,5.0,1.0,40.0,0.0,0.0,0.0,0.0,,,,,,,,,,
Hamza Tahir,,,,,,,,,,,,1.0,4.0,24.0,24.0,1.0,24.0,6.0,24.0,0.0,0.0
Haris Rauf,4.0,4.0,3.0,13.0,10.0,13.0,130.0,0.0,0.0,0.0,1.0,16.0,61.83,371.0,425.0,23.0,18.48,6.87,16.13,1.0,0.0
Harmeet Singh,5.0,5.0,1.0,69.0,50.0,17.25,138.0,0.0,0.0,4.0,5.0,5.0,16.67,100.0,141.0,4.0,35.25,8.46,25.0,0.0,0.0
Hasan Ali,,,,,,,,,,,,5.0,19.83,119.0,171.0,4.0,42.75,8.62,29.75,0.0,0.0
Hasan Mahmud,2.0,2.0,1.0,0.0,5.0,0.0,0.0,0.0,0.0,0.0,0.0,4.0,17.0,102.0,136.0,6.0,22.67,8.0,17.0,0.0,0.0
IS Sodhi,3.0,3.0,2.0,9.0,9.0,9.0,100.0,0.0,0.0,0.0,0.0,17.0,67.5,405.0,467.0,26.0,17.96,6.92,15.58,0.0,0.0
Iftikhar Ahmed,8.0,9.0,1.0,141.0,119.0,17.62,118.49,0.0,2.0,11.0,6.0,4.0,6.0,36.0,46.0,1.0,46.0,7.67,36.0,0.0,0.0
Imad Wasim,4.0,4.0,0.0,30.0,42.0,7.5,71.43,0.0,0.0,3.0,0.0,11.0,37.67,226.0,205.0,8.0,25.62,5.44,28.25,0.0,0.0
Imran Tahir,,,,,,,,,,,,3.0,12.5,75.0,59.0,4.0,14.75,4.72,18.75,0.0,0.0
Ishan Kishan,1.0,1.0,0.0,4.0,8.0,4.0,50.0,0.0,0.0,1.0,0.0,,,,,,,,,,
J Charles,12.0,12.0,0.0,261.0,243.0,21.75,107.41,0.0,1.0,26.0,9.0,,,,,,,,,,
J Kariko,1.0,1.0,1.0,0.0,2.0,,0.0,0.0,0.0,0.0,0.0,2.0,8.0,48.0,36.0,1.0,36.0,4.5,48.0,0.0,0.0
J Little,7.0,7.0,3.0,53.0,55.0,13.25,96.36,0.0,0.0,5.0,2.0,13.0,52.83,317.0,357.0,16.0,22.31,6.76,19.81,1.0,0.0
J Miyaji,3.0,3.0,1.0,26.0,37.0,13.0,70.27,0.0,0.0,0.0,0.0,3.0,9.67,58.0,61.0,2.0,30.5,6.31,29.0,0.0,0.0
JC Archer,2.0,2.0,1.0,22.0,17.0,22.0,129.41,0.0,0.0,1.0,2.0,8.0,27.17,163.0,195.0,10.0,19.5,7.18,16.3,0.0,0.0
JC Buttler,23.0,23.0,8.0,875.0,561.0,58.33,155.97,1.0,6.0,78.0,42.0,,,,,,,,,,
JDF Vandersay,2.0,2.0,1.0,3.0,8.0,3.0,37.5,0.0,0.0,0.0,0.0,3.0,12.0,72.0,65.0,3.0,21.67,5.42,24.0,0.0,0.0
JDS Neesham,11.0,11.0,5.0,149.0,97.0,24.83,153.61,0.0,0.0,5.0,9.0,5.0,11.33,68.0,85.0,3.0,28.33,7.5,22.67,0.0,0.0
JE Root,5.0,5.0,1.0,237.0,162.0,59.25,146.3,0.0,2.0,23.0,6.0,2.0,2.0,12.0,22.0,2.0,11.0,11.0,6.0,0.0,0.0
JE Taylor,,,,,,,,,,,,1.0,3.5,21.0,30.0,0.0,,8.57,,0.0,0.0
JH Davey,5.0,5.0,2.0,41.0,27.0,13.67,151.85,0.0,0.0,1.0,3.0,9.0,31.33,188.0,228.0,12.0,19.0,7.28,15.67,1.0,0.0
JJ Atkinson,1.0,1.0,0.0,13.0,19.0,13.0,68.42,0.0,0.0,2.0,0.0,,,,,,,,,,
JJ Bumrah,2.0,2.0,1.0,0.0,3.0,0.0,0.0,0.0,0.0,0.0,0.0,16.0,61.33,368.0,358.0,22.0,16.27,5.84,16.73,0.0,0.0
JJ Roy,10.0,10.0,0.0,301.0,205.0,30.1,146.83,0.0,2.0,32.0,12.0,,,,,,,,,,
JJ Smit,13.0,13.0,7.0,139.0,130.0,23.17,106.92,0.0,0.0,10.0,5.0,10.0,33.17,199.0,260.0,6.0,43.33,7.84,33.17,0.0,0.0
JM Bairstow,12.0,12.0,4.0,157.0,124.0,19.62,126.61,0.0,0.0,16.0,6.0,,,,,,,,,,
JN Frylinck,9.0,9.0,1.0,178.0,184.0,22.25,96.74,0.0,0.0,14.0,1.0,9.0,31.33,188.0,208.0,12.0,17.33,6.64,15.67,0.0,0.0
JN Loftie-Eaton,7.0,7.0,1.0,36.0,40.0,6.0,90.0,0.0,0.0,1.0,2.0,5.0,10.17,61.0,91.0,0.0,,8.95,,0.0,0.0
JO Holder,5.0,5.0,2.0,66.0,47.0,22.0,140.43,0.0,0.0,4.0,4.0,6.0,21.17,127.0,136.0,6.0,22.67,6.43,21.17,0.0,0.0
JOA Gordon,,,,,,,,,,,,3.0,11.67,70.0,78.0,3.0,26.0,6.69,23.33,0.0,0.0
JP Duminy,1.0,1.0,1.0,54.0,28.0,,192.86,0.0,1.0,3.0,3.0,1.0,3.0,18.0,31.0,1.0,31.0,10.33,18.0,0.0,0.0
JP Faulkner,3.0,3.0,1.0,17.0,17.0,8.5,100.0,0.0,0.0,2.0,0.0,4.0,13.17,79.0,110.0,8.0,13.75,8.35,9.88,1.0,1.0
JP Kotze,1.0,1.0,0.0,0.0,3.0,0.0,0.0,0.0,0.0,0.0,0.0,,,,,,,,,,
JR Hazlewood,1.0,1.0,1.0,1.0,1.0,,100.0,0.0,0.0,0.0,0.0,17.0,65.33,392.0,448.0,19.0,23.58,6.86,20.63,1.0,0.0
JT Brassell,1.0,1.0,1.0,2.0,3.0,,66.67,0.0,0.0,0.0,0.0,2.0,2.67,16.0,46.0,0.0,,17.25,,0.0,0.0
JW Hastings,1.0,1.0,0.0,3.0,4.0,3.0,75.0,0.0,0.0,0.0,0.0,1.0,3.0,18.0,24.0,0.0,,8.0,,0.0,0.0
Jaker Ali,4.0,4.0,1.0,35.0,46.0,11.67,76.09,0.0,0.0,3.0,0.0,,,,,,,,,,
Jasdeep Singh,2.0,2.0,1.0,4.0,13.0,4.0,30.77,0.0,0.0,0.0,0.0,4.0,12.83,77.0,123.0,1.0,123.0,9.58,77.0,0.0,0.0
Jatinder Singh,5.0,5.0,1.0,162.0,122.0,40.5,132.79,0.0,1.0,16.0,5.0,,,,,,,,,,
Junaid Siddique,2.0,2.0,1.0,18.0,17.0,18.0,105.88,0.0,0.0,1.0,1.0,3.0,12.83,77.0,99.0,4.0,24.75,7.71,19.25,0.0,0.0
Junaid Siddiqui,,,,,,,,,,,,2.0,7.17,43.0,55.0,1.0,55.0,7.67,43.0,0.0,0.0
K Bhurtel,3.0,3.0,0.0,24.0,39.0,8.0,61.54,0.0,0.0,3.0,1.0,2.0,8.5,51.0,43.0,4.0,10.75,5.06,12.75,1.0,0.0
K Birkenstock,,,,,,,,,,,,1.0,2.0,12.0,9.0,0.0,,4.5,,0.0,0.0
K Doriga,6.0,6.0,2.0,108.0,92.0,27.0,117.39,0.0,0.0,7.0,4.0,,,,,,,,,,
K Rabada,7.0,7.0,4.0,51.0,47.0,17.0,108.51,0.0,0.0,4.0,2.0,20.0,74.5,447.0,587.0,24.0,24.46,7.88,18.62,0.0,0.0
K Waiswa,3.0,3.0,1.0,19.0,44.0,9.5,43.18,0.0,0.0,2.0,0.0,,,,,,,,,,
KA Maharaj,7.0,7.0,4.0,26.0,38.0,8.67,68.42,0.0,0.0,1.0,1.0,16.0,59.0,354.0,390.0,18.0,21.67,6.61,19.67,0.0,0.0
KA Pollard,5.0,5.0,1.0,90.0,84.0,22.5,107.14,0.0,0.0,6.0,3.0,3.0,2.5,15.0,23.0,0.0,,9.2,,0.0,0.0
KD Karthik,3.0,3.0,0.0,14.0,22.0,4.67,63.64,0.0,0.0,1.0,0.0,,,,,,,,,,
KD Shah,1.0,1.0,1.0,7.0,5.0,,140.0,0.0,0.0,1.0,0.0,,,,,,,,,,
KH Prajapati,5.0,5.0,0.0,40.0,59.0,8.0,67.8,0.0,0.0,2.0,3.0,,,,,,,,,,
KIC Asalanka,15.0,15.0,3.0,414.0,303.0,34.5,136.63,0.0,2.0,33.0,17.0,2.0,2.0,12.0,22.0,0.0,,11.0,,0.0,0.0
KJ Abbott,,,,,,,,,,,,2.0,7.83,47.0,60.0,5.0,12.0,7.66,9.4,0.0,0.0
KJ Coetzer,8.0,8.0,1.0,97.0,98.0,13.86,98.98,0.0,0.0,10.0,3.0,,,,,,,,,,
KJ O'Brien,5.0,5.0,0.0,53.0,51.0,10.6,103.92,0.0,0.0,6.0,0.0,4.0,8.67,52.0,72.0,2.0,36.0,8.31,26.0,0.0,0.0
KL Rahul,10.0,10.0,1.0,253.0,185.0,28.11,136.76,0.0,4.0,21.0,13.0,,,,,,,,,,
KMDN Kulasekara,1.0,1.0,0.0,7.0,8.0,7.0,87.5,0.0,0.0,0.0,0.0,1.0,2.17,13.0,17.0,0.0,,7.85,,0.0,0.0
KP Meiyappan,1.0,1.0,0.0,4.0,8.0,4.0,50.0,0.0,0.0,0.0,0.0,3.0,12.0,72.0,76.0,5.0,15.2,6.33,14.4,0.0,0.0
KR Mayers,4.0,4.0,0.0,69.0,64.0,17.25,107.81,0.0,0.0,8.0,3.0,2.0,3.5,21.0,43.0,0.0,,12.29,,0.0,0.0
KS Williamson,18.0,18.0,2.0,496.0,434.0,31.0,114.29,0.0,2.0,44.0,12.0,1.0,1.0,6.0,3.0,0.0,,3.0,,0.0,0.0
KV Morea,5.0,5.0,3.0,17.0,19.0,8.5,89.47,0.0,0.0,0.0,1.0,5.0,16.0,96.0,110.0,8.0,13.75,6.88,12.0,1.0,0.0
Kaleem Sana,1.0,1.0,1.0,13.0,14.0,,92.86,0.0,0.0,0.0,1.0,3.0,12.17,73.0,93.0,1.0,93.0,7.64,73.0,0.0,0.0
Kaleemullah,4.0,4.0,1.0,18.0,17.0,6.0,105.88,0.0,0.0,2.0,0.0,6.0,15.17,91.0,117.0,6.0,19.5,7.71,15.17,0.0,0.0
Karan KC,1.0,1.0,0.0,17.0,12.0,17.0,141.67,0.0,0.0,0.0,2.0,2.0,4.0,24.0,26.0,0.0,,6.5,,0.0,0.0
Kashif Daud,2.0,2.0,0.0,15.0,18.0,7.5,83.33,0.0,0.0,0.0,1.0,2.0,2.0,12.0,19.0,0.0,,9.5,,0.0,0.0
Khalid Kail,4.0,4.0,0.0,48.0,61.0,12.0,78.69,0.0,0.0,2.0,1.0,,,,,,,,,,
Khalid Latif,2.0,2.0,0.0,49.0,48.0,24.5,102.08,0.0,0.0,4.0,1.0,,,,,,,,,,
Khawar Ali,2.0,2.0,0.0,42.0,40.0,21.0,105.0,0.0,0.0,4.0,3.0,4.0,12.0,72.0,90.0,3.0,30.0,7.5,24.0,0.0,0.0
Kuldeep Yadav,,,,,,,,,,,,4.0,16.0,96.0,107.0,8.0,13.38,6.69,12.0,0.0,0.0
Kushal Malla,3.0,3.0,0.0,37.0,52.0,12.33,71.15,0.0,0.0,2.0,1.0,1.0,2.0,12.0,18.0,0.0,,9.0,,0.0,0.0
L Ngidi,1.0,1.0,1.0,4.0,1.0,,400.0,0.0,0.0,1.0,0.0,4.0,13.67,82.0,116.0,7.0,16.57,8.49,11.71,1.0,0.0
L Ronchi,5.0,5.0,2.0,50.0,33.0,16.67,151.52,0.0,0.0,3.0,2.0,,,,,,,,,,
L Siaka,5.0,5.0,0.0,27.0,45.0,5.4,60.0,0.0,0.0,2.0,0.0,2.0,3.17,19.0,26.0,0.0,,8.21,,0.0,0.0
L Tucker,10.0,10.0,2.0,226.0,193.0,28.25,117.1,0.0,1.0,21.0,4.0,,,,,,,,,,
LD Chandimal,5.0,5.0,0.0,49.0,59.0,9.8,83.05,0.0,0.0,4.0,2.0,,,,,,,,,,
LE Plunkett,1.0,1.0,0.0,4.0,4.0,4.0,100.0,0.0,0.0,0.0,0.0,3.0,12.67,76.0,91.0,2.0,45.5,7.18,38.0,0.0,0.0
LH Ferguson,,,,,,,,,,,,8.0,32.5,195.0,200.0,13.0,15.38,6.15,15.0,0.0,0.0
LM Jongwe,4.0,4.0,1.0,55.0,41.0,18.33,134.15,0.0,0.0,6.0,1.0,3.0,5.67,34.0,59.0,2.0,29.5,10.41,17.0,0.0,0.0
LMP Simmons,4.0,4.0,1.0,101.0,94.0,33.67,107.45,0.0,1.0,7.0,5.0,,,,,,,,,,
LRPL Taylor,5.0,5.0,1.0,91.0,80.0,22.75,113.75,0.0,0.0,5.0,3.0,,,,,,,,,,
LS Livingstone,11.0,11.0,2.0,144.0,101.0,16.0,142.57,0.0,0.0,6.0,10.0,13.0,38.5,231.0,267.0,12.0,22.25,6.94,19.25,0.0,0.0
LV van Beek,10.0,10.0,4.0,57.0,65.0,9.5,87.69,0.0,0.0,3.0,0.0,13.0,44.17,265.0,353.0,10.0,35.3,7.99,26.5,0.0,0.0
Liton Das,19.0,19.0,0.0,345.0,330.0,18.16,104.55,0.0,1.0,28.0,8.0,,,,,,,,,,
M Ansari,2.0,2.0,2.0,3.0,4.0,,75.0,0.0,0.0,0.0,0.0,2.0,8.67,52.0,93.0,3.0,31.0,10.73,17.33,0.0,0.0
M Jansen,6.0,6.0,2.0,32.0,33.0,8.0,96.97,0.0,0.0,1.0,1.0,8.0,30.5,183.0,203.0,4.0,50.75,6.66,45.75,0.0,0.0
M Levitt,4.0,4.0,0.0,50.0,45.0,12.5,111.11,0.0,0.0,4.0,4.0,,,,,,,,,,
M Pathirana,2.0,2.0,1.0,0.0,5.0,0.0,0.0,0.0,0.0,0.0,0.0,3.0,10.67,64.0,53.0,3.0,17.67,4.97,21.33,0.0,0.0
M Shumba,7.0,7.0,1.0,65.0,82.0,10.83,79.27,0.0,0.0,5.0,0.0,,,,,,,,,,
M Theekshana,6.0,6.0,3.0,27.0,38.0,9.0,71.05,0.0,0.0,2.0,1.0,17.0,62.17,373.0,366.0,18.0,20.33,5.89,20.72,0.0,0.0
M van Lingen,10.0,10.0,0.0,137.0,140.0,13.7,97.86,0.0,0.0,14.0,4.0,2.0,2.33,14.0,28.0,0.0,,12.0,,0.0,0.0
MA Jones,7.0,7.0,1.0,199.0,143.0,33.17,139.16,0.0,1.0,18.0,9.0,,,,,,,,,,
MA Leask,12.0,12.0,2.0,212.0,145.0,21.2,146.21,0.0,0.0,16.0,11.0,12.0,33.33,200.0,252.0,9.0,28.0,7.56,22.22,0.0,0.0
MA Starc,3.0,3.0,1.0,21.0,20.0,10.5,105.0,0.0,0.0,1.0,1.0,15.0,60.83,365.0,521.0,17.0,30.65,8.56,21.47,0.0,0.0
MA Wood,1.0,1.0,1.0,1.0,1.0,,100.0,0.0,0.0,0.0,0.0,10.0,33.33,200.0,285.0,10.0,28.5,8.55,20.0,0.0,0.0
MB Kruger,2.0,2.0,1.0,3.0,9.0,3.0,33.33,0.0,0.0,0.0,0.0,,,,,,,,,,
MC Sorensen,1.0,1.0,0.0,9.0,7.0,9.0,128.57,0.0,0.0,0.0,0.0,1.0,3.33,20.0,31.0,2.0,15.5,9.3,10.0,0.0,0.0
MD Gunathilaka,1.0,1.0,0.0,0.0,1.0,0.0,0.0,0.0,0.0,0.0,0.0,,,,,,,,,,
MD Patel,2.0,2.0,0.0,66.0,54.0,33.0,122.22,0.0,1.0,9.0,1.0,,,,,,,,,,
MD Shanaka,17.0,17.0,4.0,221.0,201.0,17.0,109.95,0.0,0.0,18.0,9.0,13.0,20.5,123.0,153.0,5.0,30.6,7.46,24.6,0.0,0.0
MDKJ Perera,8.0,8.0,1.0,123.0,101.0,17.57,121.78,0.0,0.0,15.0,2.0,,,,,,,,,,
MG Erasmus,14.0,15.0,3.0,301.0,285.0,25.08,105.61,0.0,2.0,25.0,6.0,8.0,20.83,125.0,131.0,5.0,26.2,6.29,25.0,0.0,0.0
MH Cross,15.0,15.0,2.0,225.0,239.0,17.31,94.14,0.0,0.0,16.0,7.0,,,,,,,,,,
MJ Guptill,10.0,10.0,0.0,320.0,238.0,32.0,134.45,0.0,2.0,32.0,16.0,,,,,,,,,,
MJ McClenaghan,2.0,2.0,1.0,7.0,3.0,7.0,233.33,0.0,0.0,0.0,1.0,4.0,11.0,66.0,88.0,4.0,22.0,8.0,16.5,0.0,0.0
MJ Santner,11.0,11.0,5.0,86.0,64.0,14.33,134.38,0.0,0.0,4.0,5.0,19.0,69.17,415.0,429.0,25.0,17.16,6.2,16.6,1.0,0.0
MM Ali,16.0,16.0,4.0,227.0,171.0,18.92,132.75,0.0,1.0,15.0,11.0,14.0,37.17,223.0,277.0,14.0,19.79,7.45,15.93,0.0,0.0
MN Samuels,5.0,5.0,1.0,176.0,156.0,44.0,112.82,0.0,1.0,25.0,2.0,,,,,,,,,,
MN Waller,1.0,1.0,0.0,13.0,13.0,13.0,100.0,0.0,0.0,1.0,0.0,,,,,,,,,,
MP O'Dowd,15.0,15.0,2.0,444.0,399.0,34.15,111.28,0.0,5.0,42.0,11.0,,,,,,,,,,
MP Stoinis,11.0,11.0,5.0,339.0,201.0,56.5,168.66,0.0,3.0,27.0,20.0,9.0,26.67,160.0,229.0,10.0,22.9,8.59,16.0,0.0,0.0
MR Adair,10.0,10.0,0.0,87.0,84.0,8.7,103.57,0.0,0.0,6.0,2.0,13.0,49.33,296.0,352.0,13.0,27.08,7.14,22.77,0.0,0.0
MR Marsh,16.0,16.0,3.0,389.0,304.0,29.92,127.96,0.0,2.0,34.0,19.0,6.0,11.33,68.0,90.0,1.0,90.0,7.94,68.0,0.0,0.0
MRJ Watt,6.0,6.0,2.0,50.0,45.0,12.5,111.11,0.0,0.0,5.0,0.0,15.0,60.17,361.0,381.0,17.0,22.41,6.33,21.24,0.0,0.0
MS Chapman,1.0,1.0,0.0,40.0,41.0,40.0,97.56,0.0,0.0,1.0,1.0,1.0,2.0,12.0,19.0,0.0,,9.5,,0.0,0.0
MS Dhoni,5.0,5.0,4.0,89.0,70.0,89.0,127.14,0.0,0.0,6.0,2.0,,,,,,,,,,
MS Wade,8.0,8.0,5.0,105.0,69.0,35.0,152.17,0.0,0.0,10.0,4.0,,,,,,,,,,
MW Machan,2.0,2.0,1.0,24.0,10.0,24.0,240.0,0.0,0.0,4.0,1.0,1.0,4.0,24.0,26.0,2.0,13.0,6.5,12.0,0.0,0.0
Mahedi Hasan,8.0,8.0,3.0,58.0,53.0,11.6,109.43,0.0,0.0,6.0,2.0,9.0,33.33,200.0,202.0,8.0,25.25,6.06,25.0,0.0,0.0
Mahmudullah,19.0,19.0,4.0,344.0,305.0,22.93,112.79,0.0,1.0,28.0,10.0,10.0,17.5,105.0,127.0,2.0,63.5,7.26,52.5,0.0,0.0
Mashrafe Mortaza,4.0,4.0,1.0,31.0,24.0,10.33,129.17,0.0,0.0,2.0,3.0,6.0,17.33,104.0,125.0,3.0,41.67,7.21,34.67,0.0,0.0
Mehedi Hasan Miraz,1.0,1.0,0.0,11.0,13.0,11.0,84.62,0.0,0.0,0.0,0.0,1.0,3.0,18.0,32.0,0.0,,10.67,,0.0,0.0
Mehran Khan,6.0,6.0,0.0,52.0,45.0,8.67,115.56,0.0,0.0,4.0,2.0,4.0,9.33,56.0,77.0,6.0,12.83,8.25,9.33,0.0,0.0
Milind Kumar,2.0,2.0,0.0,23.0,27.0,11.5,85.19,0.0,0.0,1.0,0.0,1.0,1.17,7.0,22.0,0.0,,18.86,,0.0,0.0
Mohammad Amir,,,,,,,,,,,,8.0,33.83,203.0,217.0,10.0,21.7,6.41,20.3,0.0,0.0
Mohammad Hafeez,6.0,6.0,3.0,144.0,89.0,48.0,161.8,0.0,1.0,16.0,4.0,4.0,6.33,38.0,52.0,1.0,52.0,8.21,38.0,0.0,0.0
Mohammad Haris,4.0,4.0,0.0,97.0,67.0,24.25,144.78,0.0,0.0,6.0,6.0,,,,,,,,,,
Mohammad Irfan,,,,,,,,,,,,3.0,11.17,67.0,102.0,2.0,51.0,9.13,33.5,0.0,0.0
Mohammad Mithun,4.0,4.0,0.0,37.0,46.0,9.25,80.43,0.0,0.0,2.0,1.0,,,,,,,,,,
Mohammad Nadeem,3.0,3.0,1.0,45.0,43.0,22.5,104.65,0.0,0.0,1.0,3.0,3.0,9.17,55.0,82.0,0.0,,8.95,,0.0,0.0
Mohammad Naim,7.0,7.0,0.0,174.0,157.0,24.86,110.83,0.0,2.0,15.0,4.0,,,,,,,,,,
Mohammad Nawaz,5.0,5.0,0.0,68.0,64.0,13.6,106.25,0.0,0.0,7.0,2.0,4.0,9.5,57.0,70.0,3.0,23.33,7.37,19.0,0.0,0.0
Mohammad Rizwan,16.0,16.0,3.0,558.0,491.0,42.92,113.65,0.0,5.0,43.0,18.0,,,,,,,,,,
Mohammad Saifuddin,3.0,3.0,2.0,24.0,9.0,24.0,266.67,0.0,0.0,2.0,2.0,4.0,16.17,97.0,107.0,5.0,21.4,6.62,19.4,0.0,0.0
Mohammad Sami,1.0,1.0,1.0,4.0,2.0,,200.0,0.0,0.0,1.0,0.0,3.0,10.83,65.0,97.0,4.0,24.25,8.95,16.25,0.0,0.0
Mohammad Wasim,3.0,3.0,1.0,16.0,22.0,8.0,72.73,0.0,0.0,2.0,0.0,6.0,18.33,110.0,129.0,8.0,16.12,7.04,13.75,1.0,0.0
Mohammed Shami,1.0,1.0,0.0,0.0,2.0,0.0,0.0,0.0,0.0,0.0,0.0,10.0,32.5,195.0,253.0,9.0,28.11,7.78,21.67,0.0,0.0
Mohammed Siraj,1.0,1.0,1.0,7.0,7.0,,100.0,0.0,0.0,0.0,0.0,3.0,11.33,68.0,58.0,1.0,58.0,5.12,68.0,0.0,0.0
Mosaddek Hossain,5.0,5.0,1.0,38.0,39.0,9.5,97.44,0.0,0.0,2.0,2.0,3.0,7.33,44.0,69.0,2.0,34.5,9.41,22.0,0.0,0.0
Mudassar Bukhari,1.0,1.0,0.0,14.0,5.0,14.0,280.0,0.0,0.0,1.0,1.0,2.0,5.0,30.0,37.0,0.0,,7.4,,0.0,0.0
Mushfiqur Rahim,13.0,13.0,2.0,188.0,169.0,17.09,111.24,0.0,1.0,18.0,4.0,,,,,,,,,,
Mustafizur Rahman,7.0,7.0,1.0,24.0,24.0,4.0,100.0,0.0,0.0,0.0,2.0,21.0,82.17,493.0,561.0,27.0,20.78,6.83,18.26,2.0,1.0
N Davin,4.0,4.0,0.0,64.0,66.0,16.0,96.97,0.0,0.0,7.0,2.0,,,,,,,,,,
N Dutta,,,,,,,,,,,,1.0,3.17,19.0,41.0,1.0,41.0,12.95,19.0,0.0,0.0
N Pokana,2.0,2.0,1.0,6.0,11.0,6.0,54.55,0.0,0.0,0.0,0.0,2.0,6.33,38.0,55.0,0.0,,8.68,,0.0,0.0
N Pooran,14.0,14.0,1.0,258.0,208.0,19.85,124.04,0.0,0.0,19.0,15.0,,,,,,,,,,
N Thushara,2.0,2.0,1.0,0.0,5.0,0.0,0.0,0.0,0.0,0.0,0.0,3.0,12.0,72.0,63.0,8.0,7.88,5.25,9.0,1.0,0.0
N Vanua,5.0,5.0,0.0,67.0,64.0,13.4,104.69,0.0,0.0,3.0,3.0,2.0,6.0,36.0,25.0,2.0,12.5,4.17,18.0,0.0,0.0
NA Rock,2.0,2.0,0.0,6.0,8.0,3.0,75.0,0.0,0.0,0.0,0.0,,,,,,,,,,
NJ O'Brien,2.0,2.0,1.0,20.0,19.0,20.0,105.26,0.0,0.0,1.0,0.0,,,,,,,,,,
NL McCullum,1.0,1.0,0.0,0.0,1.0,0.0,0.0,0.0,0.0,0.0,0.0,2.0,5.17,31.0,21.0,3.0,7.0,4.06,10.33,0.0,0.0
NLTC Perera,3.0,3.0,0.0,68.0,47.0,22.67,144.68,0.0,0.0,7.0,3.0,3.0,4.83,29.0,55.0,0.0,,11.38,,0.0,0.0
NM Coulter-Nile,1.0,1.0,0.0,1.0,2.0,1.0,50.0,0.0,0.0,0.0,0.0,4.0,16.17,97.0,136.0,1.0,136.0,8.41,97.0,0.0,0.0
NP Kenjige,2.0,2.0,0.0,1.0,4.0,0.5,25.0,0.0,0.0,0.0,0.0,4.0,10.0,60.0,89.0,3.0,29.67,8.9,20.0,0.0,0.0
NR Kirton,3.0,3.0,0.0,101.0,72.0,33.67,140.28,0.0,1.0,6.0,4.0,,,,,,,,,,
NR Kumar,5.0,5.0,1.0,99.0,86.0,24.75,115.12,0.0,0.0,6.0,4.0,,,,,,,,,,
NS Dhaliwal,3.0,3.0,0.0,71.0,61.0,23.67,116.39,0.0,1.0,8.0,3.0,,,,,,,,,,
NT Ellis,,,,,,,,,,,,3.0,11.67,70.0,75.0,4.0,18.75,6.43,17.5,0.0,0.0
Nadeem Ahmed,,,,,,,,,,,,1.0,2.0,12.0,20.0,1.0,20.0,10.0,12.0,0.0,0.0
Naseem Khushi,4.0,5.0,0.0,24.0,28.0,4.8,85.71,0.0,0.0,1.0,1.0,,,,,,,,,,
Naseem Shah,2.0,2.0,2.0,15.0,7.0,,214.29,0.0,0.0,2.0,0.0,10.0,39.5,237.0,240.0,8.0,30.0,6.08,29.62,0.0,0.0
Nasir Hossain,1.0,1.0,0.0,3.0,7.0,3.0,42.86,0.0,0.0,0.0,0.0,1.0,2.0,12.0,24.0,1.0,24.0,12.0,12.0,0.0,0.0
Nasum Ahmed,3.0,3.0,1.0,26.0,16.0,13.0,162.5,0.0,0.0,2.0,2.0,4.0,12.33,74.0,93.0,5.0,18.6,7.54,14.8,0.0,0.0
Nazmul Hossain Shanto,11.0,11.0,0.0,287.0,269.0,26.09,106.69,0.0,2.0,26.0,7.0,,,,,,,,,,
Nizakat Khan,1.0,1.0,0.0,17.0,10.0,17.0,170.0,0.0,0.0,0.0,2.0,,,,,,,,,,
Nurul Hasan,9.0,9.0,1.0,62.0,68.0,7.75,91.18,0.0,0.0,2.0,1.0,,,,,,,,,,
OC McCoy,2.0,2.0,1.0,2.0,4.0,2.0,50.0,0.0,0.0,0.0,0.0,6.0,15.5,93.0,121.0,1.0,121.0,7.81,93.0,0.0,0.0
OEG Baartman,,,,,,,,,,,,5.0,19.33,116.0,98.0,6.0,16.33,5.07,19.33,1.0,0.0
OF Smith,3.0,3.0,2.0,25.0,22.0,25.0,113.64,0.0,0.0,1.0,2.0,3.0,9.67,58.0,86.0,2.0,43.0,8.9,29.0,0.0,0.0
P Nissanka,17.0,17.0,0.0,475.0,412.0,27.94,115.29,0.0,5.0,37.0,14.0,,,,,,,,,,
PA van Meekeren,6.0,6.0,1.0,49.0,39.0,9.8,125.64,0.0,0.0,6.0,1.0,15.0,56.17,337.0,339.0,23.0,14.74,6.04,14.65,1.0,0.0
PBB Rajapaksa,12.0,12.0,2.0,262.0,199.0,26.2,131.66,0.0,1.0,24.0,10.0,,,,,,,,,,
PD Salt,8.0,8.0,2.0,198.0,127.0,33.0,155.91,0.0,1.0,18.0,10.0,,,,,,,,,,
PHKD Mendis,3.0,3.0,0.0,32.0,40.0,10.67,80.0,0.0,0.0,3.0,1.0,,,,,,,,,,
PJ Cummins,4.0,4.0,1.0,44.0,29.0,14.67,151.72,0.0,0.0,2.0,4.0,14.0,54.0,324.0,412.0,14.0,29.43,7.63,23.14,0.0,0.0
PL Mommsen,1.0,1.0,0.0,31.0,27.0,31.0,114.81,0.0,0.0,2.0,0.0,,,,,,,,,,
PM Liyanagamage,1.0,1.0,0.0,1.0,1.0,1.0,100.0,0.0,0.0,0.0,0.0,2.0,7.17,43.0,51.0,3.0,17.0,7.12,14.33,0.0,0.0
PM Nevill,3.0,3.0,3.0,18.0,5.0,,360.0,0.0,0.0,1.0,2.0,,,,,,,,,,
PM Seelaar,3.0,3.0,1.0,30.0,42.0,15.0,71.43,0.0,0.0,3.0,0.0,2.0,4.17,25.0,22.0,2.0,11.0,5.28,12.5,0.0,0.0
PR Stirling,15.0,15.0,2.0,301.0,251.0,23.15,119.92,0.0,1.0,30.0,10.0,3.0,4.0,24.0,20.0,1.0,20.0,5.0,24.0,0.0,0.0
PS Athavale,3.0,3.0,0.0,59.0,44.0,19.67,134.09,0.0,1.0,6.0,2.0,,,,,,,,,,
PVD Chameera,5.0,5.0,2.0,17.0,25.0,5.67,68.0,0.0,0.0,1.0,0.0,12.0,44.83,269.0,345.0,11.0,31.36,7.7,24.45,0.0,0.0
PW Borren,2.0,2.0,0.0,44.0,37.0,22.0,118.92,0.0,0.0,6.0,0.0,1.0,1.0,6.0,9.0,1.0,9.0,9.0,6.0,0.0,0.0
PWH de Silva,14.0,14.0,2.0,164.0,123.0,13.67,133.33,0.0,1.0,18.0,4.0,18.0,68.67,412.0,424.0,34.0,12.47,6.17,12.12,0.0,0.0
Pargat Singh,3.0,3.0,0.0,25.0,27.0,8.33,92.59,0.0,0.0,2.0,0.0,1.0,1.0,6.0,15.0,0.0,,15.0,,0.0,0.0
Q de Kock,19.0,19.0,0.0,539.0,382.0,28.37,141.1,0.0,4.0,58.0,22.0,,,,,,,,,,
R Ashwin,5.0,5.0,3.0,36.0,40.0,18.0,90.0,0.0,0.0,2.0,1.0,13.0,44.0,264.0,324.0,14.0,23.14,7.36,18.86,0.0,0.0
R Mutumbami,1.0,1.0,0.0,19.0,17.0,19.0,111.76,0.0,0.0,2.0,1.0,,,,,,,,,,
R Ngarava,5.0,5.0,1.0,21.0,20.0,5.25,105.0,0.0,0.0,0.0,2.0,8.0,29.67,178.0,210.0,9.0,23.33,7.08,19.78,0.0,0.0
R Obuya,3.0,3.0,0.0,7.0,11.0,2.33,63.64,0.0,0.0,1.0,0.0,,,,,,,,,,
R Powell,8.0,8.0,0.0,115.0,91.0,14.38,126.37,0.0,0.0,5.0,8.0,,,,,,,,,,
R Rampaul,1.0,1.0,0.0,3.0,8.0,3.0,37.5,0.0,0.0,0.0,0.0,4.0,13.33,80.0,103.0,2.0,51.5,7.72,40.0,0.0,0.0
R Ravindra,3.0,3.0,1.0,17.0,25.0,8.5,68.0,0.0,0.0,0.0,0.0,1.0,3.0,18.0,11.0,2.0,5.5,3.67,9.0,0.0,0.0
R Shepherd,3.0,3.0,2.0,23.0,25.0,23.0,92.0,0.0,0.0,1.0,1.0,4.0,10.67,64.0,111.0,2.0,55.5,10.41,32.0,0.0,0.0
R Trumpelmann,6.0,6.0,3.0,53.0,46.0,17.67,115.22,0.0,0.0,3.0,3.0,12.0,42.5,255.0,318.0,11.0,28.91,7.48,23.18,1.0,0.0
RA Jadeja,8.0,8.0,3.0,79.0,60.0,15.8,131.67,0.0,0.0,7.0,2.0,15.0,45.0,270.0,314.0,10.0,31.4,6.98,27.0,0.0,0.0
RAS Lakmal,1.0,1.0,0.0,0.0,1.0,0.0,0.0,0.0,0.0,0.0,0.0,1.0,4.17,25.0,29.0,1.0,29.0,6.96,25.0,0.0,0.0
RB Patel,1.0,1.0,0.0,2.0,20.0,2.0,10.0,0.0,0.0,0.0,0.0,,,,,,,,,,
RD Berrington,14.0,14.0,4.0,381.0,303.0,38.1,125.74,0.0,2.0,20.0,16.0,2.0,4.33,26.0,27.0,0.0,,6.23,,0.0,0.0
RD Chahar,,,,,,,,,,,,1.0,4.17,25.0,30.0,0.0,,7.2,,0.0,0.0
RE van der Merwe,9.0,9.0,2.0,14.0,25.0,2.0,56.0,0.0,0.0,1.0,0.0,10.0,21.5,129.0,164.0,5.0,32.8,7.63,25.8,0.0,0.0
RG Mukasa,2.0,2.0,0.0,0.0,5.0,0.0,0.0,0.0,0.0,0.0,0.0,,,,,,,,,,
RG Sharma,22.0,22.0,0.0,553.0,410.0,25.14,134.88,0.0,5.0,54.0,27.0,,,,,,,,,,
RJ Campbell,1.0,1.0,0.0,0.0,4.0,0.0,0.0,0.0,0.0,0.0,0.0,1.0,2.0,12.0,16.0,0.0,,8.0,,0.0,0.0
RJW Topley,1.0,1.0,1.0,3.0,3.0,,100.0,0.0,0.0,0.0,0.0,8.0,23.67,142.0,178.0,3.0,59.33,7.52,47.33,0.0,0.0
RK Paudel,3.0,3.0,0.0,36.0,45.0,12.0,80.0,0.0,0.0,5.0,0.0,1.0,4.0,24.0,20.0,2.0,10.0,5.0,12.0,0.0,0.0
RL Chase,6.0,6.0,1.0,142.0,128.0,28.4,110.94,0.0,1.0,11.0,4.0,7.0,18.67,112.0,105.0,7.0,15.0,5.62,16.0,0.0,0.0
RML Taylor,,,,,,,,,,,,1.0,2.0,12.0,12.0,0.0,,6.0,,0.0,0.0
RN ten Doeschate,1.0,1.0,0.0,0.0,1.0,0.0,0.0,0.0,0.0,0.0,0.0,,,,,,,,,,
RP Burl,7.0,7.0,3.0,101.0,97.0,25.25,104.12,0.0,0.0,11.0,2.0,3.0,5.0,30.0,48.0,0.0,,9.6,,0.0,0.0
RR Hendricks,12.0,12.0,0.0,140.0,159.0,11.67,88.05,0.0,0.0,14.0,3.0,,,,,,,,,,
RR Pant,11.0,11.0,1.0,211.0,181.0,21.1,116.57,0.0,0.0,18.0,8.0,,,,,,,,,,
RR Rossouw,5.0,5.0,0.0,141.0,85.0,28.2,165.88,1.0,1.0,9.0,9.0,,,,,,,,,,
RW Chakabva,8.0,8.0,0.0,45.0,64.0,5.62,70.31,0.0,0.0,5.0,1.0,,,,,,,,,,
Rafiullah,1.0,1.0,0.0,0.0,3.0,0.0,0.0,0.0,0.0,0.0,0.0,,,,,,,,,,
Ravinderpal Singh,1.0,1.0,0.0,0.0,2.0,0.0,0.0,0.0,0.0,0.0,0.0,,,,,,,,,,
Riazat Ali Shah,3.0,3.0,0.0,38.0,77.0,12.67,49.35,0.0,0.0,1.0,0.0,1.0,1.67,10.0,10.0,1.0,10.0,6.0,10.0,0.0,0.0
Rishad Hossain,5.0,5.0,1.0,40.0,25.0,10.0,160.0,0.0,0.0,2.0,4.0,6.0,21.5,129.0,170.0,11.0,15.45,7.91,11.73,0.0,0.0
S Badree,,,,,,,,,,,,5.0,19.33,116.0,112.0,6.0,18.67,5.79,19.33,0.0,0.0
S Bau,6.0,6.0,0.0,111.0,136.0,18.5,81.62,0.0,1.0,11.0,2.0,2.0,3.17,19.0,38.0,0.0,,12.0,,0.0,0.0
S Dhakal,1.0,1.0,1.0,0.0,1.0,,0.0,0.0,0.0,0.0,0.0,1.0,4.0,24.0,21.0,0.0,,5.25,,0.0,0.0
S Dhawan,4.0,4.0,0.0,43.0,52.0,10.75,82.69,0.0,0.0,4.0,2.0,,,,,,,,,,
S Dube,7.0,7.0,2.0,123.0,109.0,24.6,112.84,0.0,0.0,6.0,6.0,1.0,1.0,6.0,11.0,0.0,,11.0,,0.0,0.0
S Jora,1.0,1.0,0.0,1.0,8.0,1.0,12.5,0.0,0.0,0.0,0.0,,,,,,,,,,
S Lamichhane,,,,,,,,,,,,2.0,8.17,49.0,36.0,2.0,18.0,4.41,24.5,0.0,0.0
S Movva,3.0,3.0,1.0,71.0,61.0,35.5,116.39,0.0,0.0,5.0,2.0,,,,,,,,,,
S Samarawickrama,1.0,1.0,0.0,0.0,1.0,0.0,0.0,0.0,0.0,0.0,0.0,,,,,,,,,,
S Sesazi,3.0,3.0,0.0,5.0,7.0,1.67,71.43,0.0,0.0,1.0,0.0,,,,,,,,,,
SA Edwards,15.0,15.0,3.0,191.0,193.0,15.92,98.96,0.0,0.0,16.0,3.0,,,,,,,,,,
SA Engelbrecht,4.0,4.0,0.0,98.0,92.0,24.5,106.52,0.0,0.0,6.0,3.0,,,,,,,,,,
SA Yadav,16.0,16.0,5.0,427.0,274.0,38.82,155.84,0.0,4.0,41.0,18.0,,,,,,,,,,
SC Williams,9.0,9.0,0.0,208.0,173.0,23.11,120.23,0.0,2.0,20.0,2.0,8.0,21.83,131.0,135.0,6.0,22.5,6.18,21.83,0.0,0.0
SC van Schalkwyk,2.0,2.0,1.0,29.0,27.0,29.0,107.41,0.0,0.0,4.0,0.0,4.0,11.0,66.0,103.0,0.0,,9.36,,0.0,0.0
SD Hope,2.0,2.0,1.0,82.0,40.0,82.0,205.0,0.0,1.0,4.0,8.0,,,,,,,,,,
SE Rutherford,5.0,5.0,2.0,120.0,81.0,40.0,148.15,0.0,1.0,5.0,9.0,,,,,,,,,,
SI Kamea,1.0,1.0,1.0,1.0,1.0,,100.0,0.0,0.0,0.0,0.0,1.0,3.0,18.0,23.0,1.0,23.0,7.67,18.0,0.0,0.0
SJ Baard,8.0,8.0,0.0,146.0,155.0,18.25,94.19,0.0,0.0,11.0,2.0,,,,,,,,,,
SJ Benn,,,,,,,,,,,,5.0,18.0,108.0,137.0,1.0,137.0,7.61,108.0,0.0,0.0
SJ Myburgh,7.0,7.0,0.0,129.0,116.0,18.43,111.21,0.0,0.0,21.0,1.0,,,,,,,,,,
SK Atai,3.0,3.0,0.0,5.0,10.0,1.67,50.0,0.0,0.0,0.0,0.0,3.0,5.0,30.0,35.0,2.0,17.5,7.0,15.0,0.0,0.0
SK Raina,4.0,4.0,0.0,41.0,33.0,10.25,124.24,0.0,0.0,2.0,2.0,3.0,6.17,37.0,31.0,3.0,10.33,5.03,12.33,0.0,0.0
SM Curran,4.0,4.0,2.0,24.0,25.0,12.0,96.0,0.0,0.0,1.0,1.0,10.0,31.5,189.0,257.0,12.0,21.42,8.16,15.75,0.0,0.0
SM Sharif,3.0,3.0,1.0,9.0,6.0,4.5,150.0,0.0,0.0,0.0,1.0,12.0,42.5,255.0,353.0,14.0,25.21,8.31,18.21,0.0,0.0
SN Netravalkar,2.0,2.0,0.0,0.0,5.0,0.0,0.0,0.0,0.0,0.0,0.0,6.0,20.17,121.0,139.0,7.0,19.86,6.89,17.29,0.0,0.0
SN Thakur,1.0,1.0,0.0,0.0,3.0,0.0,0.0,0.0,0.0,0.0,0.0,1.0,1.5,9.0,17.0,0.0,,11.33,,0.0,0.0
SO Hetmyer,5.0,5.0,1.0,127.0,100.0,31.75,127.0,0.0,1.0,13.0,4.0,,,,,,,,,,
SPD Smith,8.0,8.0,2.0,152.0,140.0,25.33,108.57,0.0,1.0,14.0,1.0,,,,,,,,,,
SR Taylor,6.0,6.0,0.0,74.0,82.0,12.33,90.24,0.0,0.0,7.0,3.0,2.0,3.0,18.0,37.0,0.0,,12.33,,0.0,0.0
SR Watson,4.0,4.0,2.0,96.0,64.0,48.0,150.0,0.0,0.0,9.0,4.0,4.0,14.67,88.0,105.0,5.0,21.0,7.16,17.6,0.0,0.0
SSJ Brooks,2.0,2.0,0.0,4.0,12.0,2.0,33.33,0.0,0.0,0.0,0.0,,,,,,,,,,
Saad Bin Zafar,2.0,2.0,1.0,11.0,22.0,11.0,50.0,0.0,0.0,1.0,0.0,3.0,12.17,73.0,89.0,1.0,89.0,7.32,73.0,0.0,0.0
Sabbir Rahman,7.0,7.0,1.0,147.0,119.0,24.5,123.53,0.0,0.0,17.0,4.0,2.0,3.17,19.0,16.0,2.0,8.0,5.05,9.5,0.0,0.0
Saim Ayub,2.0,2.0,0.0,23.0,29.0,11.5,79.31,0.0,0.0,2.0,1.0,,,,,,,,,,
Sandeep Goud,2.0,2.0,0.0,9.0,16.0,4.5,56.25,0.0,0.0,0.0,0.0,,,,,,,,,,
Saqlain Sajib,,,,,,,,,,,,1.0,3.67,22.0,40.0,0.0,,10.91,,0.0,0.0
Sarfraz Ahmed,3.0,3.0,2.0,21.0,17.0,21.0,123.53,0.0,0.0,1.0,0.0,,,,,,,,,,
Shadab Khan,8.0,9.0,2.0,145.0,95.0,20.71,152.63,0.0,1.0,8.0,8.0,14.0,49.33,296.0,322.0,19.0,16.95,6.53,15.58,1.0,0.0
Shaheen Shah Afridi,6.0,6.0,4.0,58.0,34.0,29.0,170.59,0.0,0.0,3.0,5.0,16.0,64.0,384.0,423.0,22.0,19.23,6.61,17.45,1.0,0.0
Shahid Afridi,4.0,4.0,0.0,90.0,49.0,22.5,183.67,0.0,0.0,7.0,7.0,4.0,16.5,99.0,119.0,4.0,29.75,7.21,24.75,0.0,0.0
Shakeel Ahmed,3.0,3.0,1.0,25.0,21.0,12.5,119.05,0.0,0.0,3.0,0.0,3.0,9.17,55.0,73.0,0.0,,7.96,,0.0,0.0
Shakib Al Hasan,23.0,23.0,3.0,415.0,371.0,20.75,111.86,0.0,2.0,35.0,9.0,22.0,78.83,473.0,583.0,30.0,19.43,7.4,15.77,2.0,0.0
Shamim Hossain,2.0,2.0,0.0,30.0,38.0,15.0,78.95,0.0,0.0,1.0,1.0,,,,,,,,,,
Shan Masood,7.0,7.0,3.0,175.0,148.0,43.75,118.24,0.0,1.0,12.0,1.0,,,,,,,,,,
Shariz Ahmad,2.0,2.0,1.0,25.0,19.0,25.0,131.58,0.0,0.0,3.0,0.0,2.0,4.0,24.0,32.0,1.0,32.0,8.0,24.0,0.0,0.0
Sharjeel Khan,4.0,4.0,0.0,112.0,78.0,28.0,143.59,0.0,0.0,18.0,3.0,,,,,,,,,,
Shayan Jahangir,2.0,2.0,0.0,3.0,10.0,1.5,30.0,0.0,0.0,0.0,0.0,,,,,,,,,,
Shoaib Khan,2.0,2.0,0.0,11.0,27.0,5.5,40.74,0.0,0.0,1.0,0.0,,,,,,,,,,
Shoaib Malik,7.0,7.0,5.0,177.0,98.0,88.5,180.61,0.0,1.0,10.0,10.0,2.0,4.5,27.0,36.0,0.0,,8.0,,0.0,0.0
Shoriful Islam,1.0,1.0,0.0,0.0,2.0,0.0,0.0,0.0,0.0,0.0,0.0,5.0,17.5,105.0,129.0,4.0,32.25,7.37,26.25,0.0,0.0
Shuvagata Hom,3.0,3.0,2.0,29.0,28.0,29.0,103.57,0.0,0.0,3.0,1.0,3.0,8.0,48.0,54.0,1.0,54.0,6.75,48.0,0.0,0.0
Sikandar Raza,9.0,9.0,0.0,228.0,157.0,25.33,145.22,0.0,1.0,17.0,11.0,9.0,27.17,163.0,176.0,10.0,17.6,6.48,16.3,0.0,0.0
Simi Singh,4.0,4.0,3.0,17.0,22.0,17.0,77.27,0.0,0.0,1.0,0.0,7.0,20.5,123.0,175.0,3.0,58.33,8.54,41.0,0.0,0.0
Sompal Kami,3.0,3.0,1.0,8.0,11.0,4.0,72.73,0.0,0.0,0.0,1.0,3.0,9.17,55.0,39.0,3.0,13.0,4.25,18.33,0.0,0.0
Soumya Sarkar,16.0,16.0,0.0,151.0,153.0,9.44,98.69,0.0,0.0,15.0,4.0,2.0,4.17,25.0,36.0,1.0,36.0,8.64,25.0,0.0,0.0
Sultan Ahmed,2.0,2.0,0.0,2.0,5.0,1.0,40.0,0.0,0.0,0.0,0.0,,,,,,,,,,
Suraj Kumar,1.0,1.0,0.0,4.0,7.0,4.0,57.14,0.0,0.0,0.0,0.0,,,,,,,,,,
T Bavuma,9.0,9.0,2.0,161.0,146.0,23.0,110.27,0.0,0.0,12.0,4.0,,,,,,,,,,
T Lungameni,,,,,,,,,,,,2.0,7.33,44.0,58.0,1.0,58.0,7.91,44.0,0.0,0.0
T Munyonga,2.0,2.0,0.0,7.0,10.0,3.5,70.0,0.0,0.0,1.0,0.0,,,,,,,,,,
T Panyangara,,,,,,,,,,,,1.0,4.17,25.0,20.0,1.0,20.0,4.8,25.0,0.0,0.0
T Shamsi,2.0,2.0,2.0,1.0,2.0,,50.0,0.0,0.0,0.0,0.0,11.0,43.67,262.0,300.0,20.0,15.0,6.87,13.1,1.0,0.0
T Stubbs,11.0,11.0,3.0,196.0,194.0,24.5,101.03,0.0,0.0,15.0,4.0,,,,,,,,,,
T van der Gugten,1.0,1.0,0.0,0.0,1.0,0.0,0.0,0.0,0.0,0.0,0.0,5.0,14.67,88.0,132.0,6.0,22.0,9.0,14.67,0.0,0.0
TA Boult,1.0,1.0,0.0,7.0,4.0,7.0,175.0,0.0,0.0,0.0,1.0,14.0,57.17,343.0,348.0,25.0,13.92,6.09,13.72,1.0,0.0
TAM Siriwardana,3.0,3.0,0.0,22.0,20.0,7.33,110.0,0.0,0.0,2.0,1.0,3.0,6.0,36.0,47.0,2.0,23.5,7.83,18.0,0.0,0.0
TG Southee,3.0,3.0,2.0,5.0,4.0,5.0,125.0,0.0,0.0,1.0,0.0,14.0,55.17,331.0,313.0,20.0,15.65,5.67,16.55,0.0,0.0
TH David,6.0,6.0,2.0,85.0,55.0,21.25,154.55,0.0,0.0,7.0,4.0,,,,,,,,,,
TJ Murtagh,,,,,,,,,,,,3.0,6.5,39.0,62.0,0.0,,9.54,,0.0,0.0
TJG Pringle,9.0,9.0,1.0,54.0,74.0,6.75,72.97,0.0,0.0,1.0,1.0,10.0,30.0,180.0,213.0,8.0,26.62,7.1,22.5,0.0,0.0
TL Chatara,3.0,3.0,1.0,13.0,19.0,6.5,68.42,0.0,0.0,1.0,0.0,8.0,26.67,160.0,185.0,6.0,30.83,6.94,26.67,0.0,0.0
TL Seifert,2.0,2.0,1.0,16.0,14.0,16.0,114.29,0.0,0.0,2.0,0.0,,,,,,,,,,
TLW Cooper,9.0,9.0,-1.0,122.0,123.0,12.2,99.19,0.0,0.0,9.0,3.0,,,,,,,,,,
TM Dilshan,3.0,3.0,0.0,50.0,52.0,16.67,96.15,0.0,0.0,5.0,2.0,,,,,,,,,,
TM Head,6.0,6.0,1.0,255.0,158.0,51.0,161.39,0.0,2.0,26.0,15.0,,,,,,,,,,
TP Ura,5.0,5.0,0.0,6.0,21.0,1.2,28.57,0.0,0.0,0.0,0.0,,,,,,,,,,
TS Mills,,,,,,,,,,,,4.0,14.5,87.0,110.0,7.0,15.71,7.59,12.43,0.0,0.0
Tamim Iqbal,6.0,6.0,2.0,295.0,207.0,73.75,142.51,1.0,2.0,24.0,14.0,,,,,,,,,,
Tanwir Afzal,1.0,1.0,0.0,0.0,4.0,0.0,0.0,0.0,0.0,0.0,0.0,1.0,1.0,6.0,12.0,0.0,,12.0,,0.0,0.0
Tanzid Hasan,6.0,6.0,0.0,76.0,76.0,12.67,100.0,0.0,0.0,11.0,1.0,,,,,,,,,,
Tanzim Hasan Sakib,4.0,4.0,3.0,9.0,13.0,9.0,69.23,0.0,0.0,0.0,0.0,6.0,20.67,124.0,115.0,11.0,10.45,5.56,11.27,1.0,0.0
Taskin Ahmed,11.0,11.0,6.0,59.0,73.0,11.8,80.82,0.0,0.0,5.0,1.0,19.0,69.0,414.0,473.0,24.0,19.71,6.86,17.25,1.0,0.0
Towhid Hridoy,6.0,6.0,0.0,139.0,110.0,23.17,126.36,0.0,0.0,7.0,8.0,,,,,,,,,,
UT Khawaja,4.0,4.0,0.0,143.0,104.0,35.75,137.5,0.0,1.0,22.0,2.0,,,,,,,,,,
Umar Akmal,4.0,4.0,0.0,78.0,64.0,19.5,121.88,0.0,0.0,4.0,2.0,,,,,,,,,,
Usman Khan,4.0,4.0,1.0,20.0,22.0,6.67,90.91,0.0,0.0,1.0,0.0,,,,,,,,,,
V Aravind,3.0,3.0,0.0,48.0,71.0,16.0,67.61,0.0,0.0,3.0,0.0,,,,,,,,,,
V Kohli,21.0,21.0,7.0,764.0,581.0,54.57,131.5,0.0,9.0,67.0,20.0,1.0,1.67,10.0,15.0,1.0,15.0,9.0,10.0,0.0,0.0
V Sibanda,1.0,1.0,0.0,4.0,12.0,4.0,33.33,0.0,0.0,0.0,0.0,,,,,,,,,,
VJ Kingma,1.0,1.0,1.0,1.0,1.0,,100.0,0.0,0.0,0.0,0.0,4.0,14.17,85.0,80.0,3.0,26.67,5.65,28.33,0.0,0.0
Vikramjit Singh,9.0,9.0,0.0,124.0,133.0,13.78,93.23,0.0,0.0,10.0,5.0,1.0,1.0,6.0,11.0,0.0,,11.0,,0.0,0.0
W Barresi,2.0,2.0,0.0,17.0,16.0,8.5,106.25,0.0,0.0,1.0,1.0,,,,,,,,,,
W Madhevere,8.0,8.0,1.0,106.0,83.0,15.14,127.71,0.0,0.0,15.0,2.0,2.0,3.0,18.0,25.0,0.0,,8.33,,0.0,0.0
WB Rankin,,,,,,,,,,,,3.0,5.0,30.0,48.0,1.0,48.0,9.6,30.0,0.0,0.0
WD Parnell,4.0,4.0,2.0,5.0,13.0,2.5,38.46,0.0,0.0,0.0,0.0,5.0,16.33,98.0,103.0,5.0,20.6,6.31,19.6,0.0,0.0
WG Jacks,2.0,2.0,0.0,15.0,17.0,7.5,88.24,0.0,0.0,2.0,0.0,1.0,1.0,6.0,22.0,0.0,,22.0,,0.0,0.0
WIA Fernando,7.0,7.0,2.0,52.0,62.0,10.4,83.87,0.0,0.0,1.0,2.0,,,,,,,,,,
WP Masakadza,2.0,2.0,1.0,5.0,13.0,5.0,38.46,0.0,0.0,0.0,0.0,2.0,6.17,37.0,40.0,4.0,10.0,6.49,9.25,1.0,0.0
WTS Porterfield,2.0,2.0,0.0,34.0,34.0,17.0,100.0,0.0,0.0,4.0,1.0,,,,,,,,,,
Wahab Riaz,1.0,1.0,0.0,0.0,1.0,0.0,0.0,0.0,0.0,0.0,0.0,3.0,10.0,60.0,89.0,3.0,29.67,8.9,20.0,0.0,0.0
Waseem Muhammad,3.0,3.0,0.0,93.0,92.0,31.0,101.09,0.0,1.0,2.0,5.0,1.0,2.0,12.0,16.0,1.0,16.0,8.0,12.0,0.0,0.0
Yasir Ali Chowdhury,3.0,3.0,1.0,5.0,9.0,2.5,55.56,0.0,0.0,0.0,0.0,,,,,,,,,,
Yuvraj Singh,4.0,4.0,0.0,52.0,52.0,13.0,100.0,0.0,0.0,3.0,2.0,1.0,3.5,21.0,19.0,1.0,19.0,5.43,21.0,0.0,0.0
ZE Green,10.0,10.0,0.0,110.0,134.0,11.0,82.09,0.0,0.0,7.0,2.0,,,,,,,,,,
Zahoor Khan,1.0,1.0,1.0,1.0,1.0,,100.0,0.0,0.0,0.0,0.0,3.0,12.67,76.0,59.0,5.0,11.8,4.66,15.2,0.0,0.0
Zawar Farid,1.0,1.0,0.0,2.0,4.0,2.0,50.0,0.0,0.0,0.0,0.0,1.0,2.83,17.0,25.0,0.0,,8.82,,0.0,0.0
Zeeshan Maqsood,8.0,9.0,1.0,112.0,118.0,14.0,94.92,0.0,0.0,13.0,2.0,6.0,14.33,86.0,103.0,5.0,20.6,7.19,17.2,1.0,0.0
